{
    "data": [
        {"sow_code": "erewqq-SOW", "proj_code": 3123, "short_title": "wqeqweq", "client": "dhfjsg", "deliverable_type": "Abstract","project_type":"deliverable","status": "status 1","createdBy":"dsfsfs","createdDate&Time":"08/05/2019 17:00 hrs"},
        {"sow_code": "erewqq-SOW", "proj_code": 3123, "short_title": "wqeqweq", "client": "erwerewrw", "deliverable_type": "Manuscript","project_type":"deliverable","status": "status 1","createdBy":"dsfsfs","createdDate&Time":"08/05/2019 17:00 hrs"},
        {"sow_code": "erewqq-SOW", "proj_code": 3123, "short_title": "wqeqweq", "client": "asdasdad", "deliverable_type": "Abstract","project_type":"deliverable","status": "status 1","createdBy":"dsfsfs","createdDate&Time":"08/05/2019 17:00 hrs"},
        {"sow_code": "erewqq-SOW", "proj_code": 3123, "short_title": "wqeqweq", "client": "vbncvbc", "deliverable_type": "Manuscript","project_type":"deliverable","status": "status 1","createdBy":"dsfsfs","createdDate&Time":"08/05/2019 17:00 hrs"},
        {"sow_code": "erewqq-SOW", "proj_code": 3123, "short_title": "wqeqweq", "client": "uytutyu", "deliverable_type": "Abstract","project_type":"deliverable","status": "status 1","createdBy":"dsfsfs","createdDate&Time":"08/05/2019 17:00 hrs"},
        {"sow_code": "erewqq-SOW", "proj_code": 3123, "short_title": "wqeqweq", "client": "fgfdgdsg", "deliverable_type": "Manuscript","project_type":"deliverable","status": "status 1","createdBy":"dsfsfs","createdDate&Time":"08/05/2019 17:00 hrs"},
        {"sow_code": "erewqq-SOW", "proj_code": 3123, "short_title": "wqeqweq", "client": "sasdad", "deliverable_type": "Abstract","project_type":"deliverable","status": "status 1","createdBy":"dsfsfs","createdDate&Time":"08/05/2019 17:00 hrs"}
    ]
}