{
    "data": [
        {"sow_code": "erewqq-SOW", "sow_title": "wqeqweq", "sow_owner": "dhfjsg"},
        {"sow_code": "fdgsf-SOW", "sow_title": "treterwe", "sow_owner": "fhhdsgdsf"},
        {"sow_code": "dsgfsdg-SOW", "sow_title": "wqeqcvxvweq", "sow_owner": "gfhfhg"},
        {"sow_code": "iuiyuuiy-SOW", "sow_title": "ttrete", "sow_owner": "dhfhgjfgjfjsg"},
        {"sow_code": "sadasd-SOW", "sow_title": "cxvxvx", "sow_owner": "tytrdfgd"},
        {"sow_code": "erewqq-SOW", "sow_title": "wqeqweq", "sow_owner": "dhfjsg"},
        {"sow_code": "fdgsf-SOW", "sow_title": "treterwe", "sow_owner": "fhhdsgdsf"},
        {"sow_code": "dsgfsdg-SOW", "sow_title": "wqeqcvxvweq", "sow_owner": "gfhfhg"},
        {"sow_code": "iuiyuuiy-SOW", "sow_title": "ttrete", "sow_owner": "dhfhgjfgjfjsg"},
        {"sow_code": "sadasd-SOW", "sow_title": "cxvxvx", "sow_owner": "tytrdfgd"}
    ]
}